2014	1	选择题	K105	流体的切应力（静止时是否产生/是否仅取决于分子动量交换或内聚力）
2014	2	选择题	K204	绝对压强p_abs与相对压强p、真空度p_v、当地大气压p_a之间的关系式
2014	3	选择题	K502	雷诺数的物理意义（惯性力与粘滞力之比等四种比值）
2014	4	选择题	K203	露天水池水深5m处的相对压强（5/49/147/205kPa）
2014	5	选择题	K204	封闭容器接U型水银测压计，同一水平面上1、2、3三点的压强关系
2014	6	选择题	K402	实际流体等直管道过流断面1、2上A、B、C三点的z+p/γ关系式
2014	7	选择题	K405	流量Q、速度v的射流冲击垂直平板，平板受到的冲击力
2014	8	选择题	K509	两根完全相同长管道仅安装高度不同，两管道的流量关系
2014	9	选择题	K603	切应力τ的量纲表达式（原卷B项印刷为ML-1T2，疑应为ML-1T-2）
2014	10	选择题	K602	有压管流实现动力相似应选的相似准则（雷诺/弗劳德/欧拉/其它）
2014	1	填空题	K103	油密度851kg/m3、运动粘度3.39e-6m2/s，求重度γ（空1）
2014	1	填空题	K103	油密度851kg/m3、运动粘度3.39e-6m2/s，求动力粘度μ（空2）
2014	2	填空题	K301	在均匀流动中何种加速度为零
2014	3	填空题	K512	阀门关闭时间T_s大于水击相T_r的水击名称
2014	4	填空题	K205	旋转圆柱容器H=0.6m、D=0.45m盛水，水正好与容器中心触底且顶部与容器同高时的旋转角速度
2014	5	填空题	K504	圆管层流时沿程阻力与平均速度的几次方成正比
2014	6	填空题	K302	水平管道恒定均匀流时断面平均流速沿程变化（空1）
2014	6	填空题	K302	水平管道恒定均匀流时动水压强沿程变化（空2）
2014	7	填空题	K605	压力输水管同种流体模型实验长度比为4时两者的流量比
2014	8	填空题	K402	伯努利方程z+p/(ρg)+αv2/(2g)表示单位何种流体具有的机械能
2014	1	计算题	K303	二维速度场u_x=x+2t、u_y=-y+t-3，求流线方程及t=0时过M(-1,-1)的流线（8分，必做）
2014	2	计算题	K403	毕托管测流量d=200mm、水银压差计Δh=60mm、v=0.84u_A，求输水管流量Q（8分，必做）
2014	3	计算题	K402	变直径管段d_A=0.2m、d_B=0.4m、Δh=1.5m、p_A=30kN/m2、p_B=40kN/m2、v_B=1.5m/s，判断水流方向（8分，必做）
2014	4	计算题	K404	离心泵提水高度z=20m、Q=35L/s、η1=0.82、h_w=1.5mH2O、电动机η2=0.95，求电动机功率（10分，必做）
2014	5	计算题	K405	平板闸门宽b=2m、闸前水深h1=4m、闸后水深h2=0.5m、Q=8m3/s，求水流对闸门的作用力F（12分，必做）
2014	6	计算题	K503	油ρ=0.85g/cm3、ν=0.18cm2/s、管径d=100mm、平均流速6.35cm/s作层流，求中心最大流速、r=20mm处流速、沿程阻力系数λ及管壁切应力与水头损失（14分，必做）
2014	7	计算题	K511	自流式虹吸管按长管计算，H=2m、l=44m、ν=1e-4m2/s、ρ=900kg/m3保证层流求d，及断面A极限真空压强水头5.4m时求z_max（14分，必做）
2014	8	计算题	K605	原型溢流坝Q=120m3/s、模型最大流量0.75m3/s，求最大长度比尺k_l及模型作用力2.8N对应的原型作用力F_p（8分，选做）
2014	9	计算题	K701	平面不可压缩流速度势φ=ax(x2-3y2)、a<0，求流速与流函数及A(0,0)到B(1,1)直线段的流量（8分，选做）
2014	10	计算题	X1	梯形断面渠道测糙率n，L=1500m、底宽b=10m、边坡系数m=1.5、水深h0=3.0m、水面高差Δz=0.3m、Q=50m3/s（8分，选做，旧大纲超纲）
2014	11	计算题	X3	通风机吸风量Q=4.35m3/s、吸风管直径d=0.3m、空气密度1.29kg/m3，求进口处真空度p_v（8分，选做，旧大纲超纲）
